use ticketsdb;
INSERT INTO `cinema` (cinema_id,cinema_address,cinema_phone,city_id) VALUES ('c1','金逸珠江国际影城广州大学城店','番禺区小谷接到贝岗村中二横路1号GOGO新天地二期二楼','020-39340185','440100'),('c2','中华广场电影城','越秀区中山三路33号中华广场9楼','020-83739423','440100'),('c3','广州科学中心巨幕影院','番禺区广州大学城西六路168号','020-39348080','440100');
INSERT INTO `city` (city_id, city_name) VALUES ('440100','广州');
INSERT INTO `movie` (movie_id,movie_releaseDate,movie_storyLine,movie_detail,movie_poster,movie_avgScore,movie_isShow,movie_type_id,movie_name) VALUES ('m1','2017-05-26','杰克船长（约翰尼·德普饰）发现令人闻风丧胆的萨拉查船长 （哈维尔·巴登饰）竟率领着一众夺命亡灵水手逃出了百慕大三角区','中文名 加勒比海盗5：死无对证  外文名 Pirates of the Caribbean: Dead Men Tell No Tales/Salazar\'s Revenge  其它译名 死无对证、亡灵的缄默、亡者无言、死人不会告密、萨拉查的复仇  出品时间 2017年','https://timgsa.baidu.com/timg?image&quality=80&size=b9999_10000&sec=1496684387070&di=ce008c481a8cae4c5b3b953e80da9a9d&imgtype=0&src=http%3A%2F%2Fnpic7.edushi.com%2Fcn%2Fzixun%2Fzh-chs%2F2017-04%2F26%2Fe17ff2d2b84d44a296c17ab3a4dcfa12.jpg',9.5,1,'mt1','加勒比海盗5:死无对证'),('m2','2017-05-05','马哈维亚·辛格·珀尕是印度国家摔跤冠军，却因生活所迫放弃摔跤。他希望儿子可以帮他完成梦想——为印度赢得世界级金牌。不料命运捉弄让他生了四个女儿','中文名 摔跤吧！爸爸 外文名 Dangal 出品时间 2016年 出品公司 Aamir Khan Productions Ltd.','https://timgsa.baidu.com/timg?image&quality=80&size=b9999_10000&sec=1497279158&di=93d4efa01607f31480842dc2b230966c&imgtype=jpg&er=1&src=http%3A%2F%2Fcnews.chinadaily.com.cn%2Fimg%2Fattachement%2Fjpg%2Fsite1%2F20170110%2Fa41f726b573a19dee99d2e.jpg',9.7,1,'mt2','摔跤吧!爸爸'),('m3','2017-05-19','人类发现了一个火星上的生命体，宇航员们试图在空间站唤醒这个活体细胞并研究它，希望确保安全后把它带到地球。然而唤醒这个神秘外星生命后','中文名 异星觉醒 外文名 Life 其它译名 生命 发行公司 哥伦比亚电影公司','https://timgsa.baidu.com/timg?image&quality=80&size=b9999_10000&sec=1496684471010&di=f7798e23f41a9f52d62fc52945f321bc&imgtype=0&src=http%3A%2F%2Fimages.china.cn%2Fattachement%2Fpng%2Fsite1007%2F20170228%2Fb8aeed9904561a1f31ea0b.png',7.8,1,'mt3','异星觉醒');
INSERT INTO `movietype` (movie_type_id, movie_type_name) VALUES ('mt1','动作/冒险/喜剧'),('mt2','剧情/传记/运动'),('mt3','科幻/惊悚/恐怖');
INSERT INTO `room` (room_id, room_type,room_row,room_col,cinema_id) VALUES ('r1','一号厅',20,50,'c1'),('r2','二号厅',15,30,'c1'),('r3','VIPROOm',5,10,'c2');
INSERT INTO `showing` (showing_id, showing_date,showing_time,showing_price,room_id,movie_id) VALUES ('s1','2017-05-26','10-30-00',40,'r1','m1'),('s2','2017-05-27','20-30-00',35,'r2','m2'),('s3','2017-06-07','10-00-00',60,'r1','m1'),('s4','2017-05-26','17-00-00',10,'r3','m1');
INSERT INTO `ticket` (ticket_id,ticket_seatColNum,ticket_seatRowNum,ticket_isSold,showing_id,user_id) VALUES ('s1r1t55',5,5,1,'s1','123'),('s1r1t56',5,6,1,'s1','123'),('s2r2t78',7,8,1,'s2','124');
INSERT INTO `user` (user_id,user_name,user_password,user_phone,user_gender,user_age,user_email,user_avatar) VALUES ('123','hshhuan','123456','13660069700','male',18,'some@email.com',''),('124','abc','123456','11111111111','female',20,NULL,NULL);
